
--admins
INSERT INTO User VALUES ('henrique', 'Henrique Caridade', 'henrique.ps.caridade@gmail.com', '77575b26d3f272d7b18e39bde800ed1ed3f8d0f4471eb385828c01621952f362', 'a228cc6e331b3cc381516bad6cdf74ca', 'Admin');
INSERT INTO User VALUES ('igorcher', 'Igor Cherstnev'   , 'igorcherstnev@gmail.com'       , 'c1229ad71ac5f8f9e5aa62ad8b937fe42cf3352636f17c019533f1d992c73338', 'bb884e0d0887f5b3c935e74bf34af41a', 'Admin');

--agents
INSERT INTO User VALUES ('matheusoliveira', 'Matheus Oliveira', 'matheusoliveira@gmail.com', '1735f842b5b33d4271c1929dd145c6a18099bf36082aa9ed0e57f2c5966af3aa', 'df58d49639928466df222dbfa1fafa75', 'Agent');
INSERT INTO User VALUES ('sophiasantos', 'Sophia Santos', 'sophiasantos@gmail.com', '7e4bfe14961540985da01b17e861c73e9883c19309ef0c7d44e0038a131f741e', 'ee055628dbb42a850bb647b77140d88c', 'Agent');     
INSERT INTO User VALUES ('luisalmeida', 'Luis Almeida', 'luisalmeida@gmail.com', 'b7e131eff850421a1bdfc79ebc7149a30df19033d54521a1d8a14f66d63f0115', 'dfeec9b1dd7b1262a4b746b932a86597', 'Agent');        
INSERT INTO User VALUES ('beatrizcosta', 'Beatriz Costa', 'beatrizcosta@gmail.com', '09091b5d489ab5aa357150f10d3b76f99c2bb1a156f76839e63196b8cd02bc4a', '35b62407bfcc6d4e9cac0970a7a48dab', 'Agent');     
INSERT INTO User VALUES ('gabrielrodrigues', 'Gabriel Rodrigues', 'gabrielrodrigues@gmail.com', '90e1dd4729e03b772671d38a31c4dd4304357b532afe92cbcea57d475a7a5c25', 'fc4dfade158d6776bfb77fdf5105f12e', 'Agent');
INSERT INTO User VALUES ('anasilva', 'Ana Silva', 'anasilva@gmail.com', '4b949209ea1d13e0864e97b6f083646532b45fa71e675662e1752c53b121b7c1', '29e518bd205c4d07b3d5d4ae45e23c88', 'Agent');
INSERT INTO User VALUES ('rafaelpereira', 'Rafael Pereira', 'rafaelpereira@gmail.com', 'e409ba299c47e8587eb48285504574f669c81cdf7f5a9bb477230cff3dbaf0bb', '9ffe31559abf18388b0061ffbf8058fd', 'Agent');
INSERT INTO User VALUES ('marianaferreira', 'Mariana Ferreira', 'marianaferreira@gmail.com', 'bf0f8fd9b79fb666a6a2658a95a7067890cf04a91c899b2fe818b4625f7309ba', '4213e9266628c178e6de163921452d46', 'Agent');
INSERT INTO User VALUES ('pedrocarvalho', 'Pedro Carvalho', 'pedrocarvalho@gmail.com', '399e98e959efe7a4b45aad8685915cf770c8bd1651c6bd3499f943ab1dfb6e39', 'f507f87d4e1ed47b84c75572a270dbb9', 'Agent');  
INSERT INTO User VALUES ('carolinagoncalves', 'Carolina Gonçalves', 'carolinagoncalves@gmail.com', '1fd635e68f0b48b10f49ebb2e1850a40afa9a39bb1facb3055951d6dc6e66ca8', 'c4b5024cfb652b9795424933d4f415a7', 'Agent');
                                                                                                                                                            
--clients
INSERT INTO User VALUES ('emilyfoster', 'Emily Foster', 'emilyfoster@gmail.com', '16c34a907e786d30d5d71e656e1995cea91ea4b751e031a2bf6a810330eeaa76', '0956c861faed9e31a8827416e99675fa', 'Client');
INSERT INTO User VALUES ('danielbrooks', 'Daniel Brooks', 'danielbrooks@gmail.com', 'c144ac949a37f7f8b872de938eb066cd87d02ee7583664f94a36aebfa2c5e41c', '7f665d3b9dc5be03d56d440a93cb4d63', 'Client');    
INSERT INTO User VALUES ('sophiamitchell', 'Sophia Mitchell', 'sophiamitchell@gmail.com', 'c86d49ce7d60d1c259fc9529b0a280b3ce7c432bb23076096eb556dd034407eb', 'c65e1a2c5d05e3f67c99e99dfbf4696e', 'Client');
INSERT INTO User VALUES ('ethanreed', 'Ethan Reed', 'ethanreed@gmail.com', 'e11460450ac210ed970f83546e4063dd8df929caea018c279bee10009f7f82db', 'd266dd4d9ab33bb5bb13ff5496feaf44', 'Client');
INSERT INTO User VALUES ('oliviacampbell', 'Olivia Campbell', 'oliviacampbell@gmail.com', '797b11c9a64bee71d66b06bf6796c277b92169423e4671ca6adda21fd5a58dc7', '26db28ceac3d34b89b4174d619dc6797', 'Client');
INSERT INTO User VALUES ('noahhayes', 'Noah Hayes', 'noahhayes@gmail.com', '6231f38cffb202f4ae15fde7b14e4cc856c825144fad084764364ec6551de88f', '455eebe5e034caf8564b8ad63f560d52', 'Client');
INSERT INTO User VALUES ('avacox', 'Ava Cox', 'avacox@gmail.com', '1f2f6542220dca04461e055d95357df459598a772ccfc9889588028300a16199', 'd0fba497542ec3e19a025627a0b32f99', 'Client');
INSERT INTO User VALUES ('liampatterson', 'Liam Patterson', 'liampatterson@gmail.com', 'b92d6dae0d2a54f8aa89a531536a72c142199f278f652ce26e4bab4277cc9a80', '8d3354a753787b42ea020db162993bd0', 'Client'); 
INSERT INTO User VALUES ('miasimmons', 'Mia Simmons', 'miasimmons@gmail.com', '5cd8a1f041cab98121b3aa43ec2c885dd930dcc497c6dfd253d45be856ce98da', 'cb25f59d13e92ec9be85ab28d8475b95', 'Client');
INSERT INTO User VALUES ('jacobgriffin', 'Jacob Griffin', 'jacobgriffin@gmail.com', '333b6d6a7c57045a003e7482234fd1a12fbc1123252e31fce408d7fcb8dc8042', 'e44799f8de53efc697087f864080504c', 'Client');    
INSERT INTO User VALUES ('isabellamorgan', 'Isabella Morgan', 'isabellamorgan@gmail.com', 'a6e3f2204e47654e3c237a2ab6c5c8a823d8ee1e4421b22e0cf34b7039fc7956', 'ad8026bc16bd57b62079ea48128814b1', 'Client');
INSERT INTO User VALUES ('williamporter', 'William Porter', 'williamporter@gmail.com', '2876822d1efe6a741d38a6b9eb1c335e61ac8ae649c192d04e4e309b6b5c90ff', 'd58e451a94bd82d1df2820e4ff626ec6', 'Client'); 
INSERT INTO User VALUES ('harperturner', 'Harper Turner', 'harperturner@gmail.com', 'd40a71324ae2fcbaf1fd38dca87bff1ca219e216ac2b1cc6e8534cebb9baf586', '584b3a14e99e90e742e5017779e212b5', 'Client');    
INSERT INTO User VALUES ('jameswalker', 'James Walker', 'jameswalker@gmail.com', 'e55672e804e9bddc1f8538ed77f0b24dd7be613370904a5ee8f3fa6a98e17916', '0ddecd1abaa790e61cdf27627cff5c90', 'Client');       
INSERT INTO User VALUES ('charlottebennett', 'Charlotte Bennett', 'charlottebennett@gmail.com', 'da7a0575e0b8d722f7eb1148eb6869c5f99b2a348089a388d5b52c6f052c4ab6', '57eecc3f2c8a184084625347056c6095', 'Client');
INSERT INTO User VALUES ('benjaminprice', 'Benjamin Price', 'benjaminprice@gmail.com', '3f8f8a4963237dba932f078696cead84219991736e9842387dc8a6d4e7945443', '620097735a723e9f0d1e1aff53504444', 'Client'); 
INSERT INTO User VALUES ('ameliahughes', 'Amelia Hughes', 'ameliahughes@gmail.com', '7096501b95cd1d950e617a57f2b2c80ae73153f61be5f4a570a72f4d9ca6d916', 'c3ddb4e2fb8531c23c57b1a6ef766d8f', 'Client');    
INSERT INTO User VALUES ('samuelanderson', 'Samuel Anderson', 'samuelanderson@gmail.com', '925e9786de71b3166433d699c8ebd9be7e14008e892b8c533967ce5ae36b035a', 'b80fc346de0ad450c60a7698bf4e32e5', 'Client');
INSERT INTO User VALUES ('abigailramirez', 'Abigail Ramirez', 'abigailramirez@gmail.com', 'e5e92c8e2d90d883308b98a891571e755260d117cf50ba0d2f18b72e589cd15d', '30eea74b3e381bc8161d76557519f3ea', 'Client');
INSERT INTO User VALUES ('alexandercox', 'Alexander Cox', 'alexandercox@gmail.com', '4e4195e32b050a5717662deaeaf1891c16f26be92873c73d141086b6ff905faf', '13bebbdd8e513862b8f0d8516af63f57', 'Client');    
INSERT INTO User VALUES ('elizabethbarnes', 'Elizabeth Barnes', 'elizabethbarnes@gmail.com', '6786e63c34db64d2b8cc33b43ba063d4e7dab04700fbb837283eaf64f6c9323f', '7c7d7e1b63853d28727e9fde90ab0be3', 'Client');
INSERT INTO User VALUES ('michaelfoster', 'Michael Foster', 'michaelfoster@gmail.com', '6b6484f44f7a51cf45349b9125f9873ce1ce6973131577d84de99bf8d221df84', 'c29264cb36adf270afb9633f23228e2b', 'Client'); 
INSERT INTO User VALUES ('victoriabrooks', 'Victoria Brooks', 'victoriabrooks@gmail.com', '10bbb3ae279d34ac8658b7064e556a827a8937f1389ebce09c4410d61b1acbbe', 'f1e6d879f8ce60b0e313b09dd1220899', 'Client');
INSERT INTO User VALUES ('matthewellis', 'Matthew Ellis', 'matthewellis@gmail.com', '2fd889b59e4d893994ec8a74aa1ce12d19d63c1c69e096434e2817d941eaa190', 'e6055fa2eb5a0854b5a2abd9ae9d795c', 'Client');    
INSERT INTO User VALUES ('madisongray', 'Madison Gray', 'madisongray@gmail.com', 'e13c19388fc719531b0bae452bb53e76f9c5dd996379b281387b8a833dd12599', 'a9183a6d8264fa95d7594c28771fc6fb', 'Client');       
INSERT INTO User VALUES ('danielkelly', 'Daniel Kelly', 'danielkelly@gmail.com', 'fc83207252711e00ef152da828656b125ceb8433cbe2c81e5411e6319ee5e4fd', '449578c43869e860a44f2a9d26703980', 'Client');       
INSERT INTO User VALUES ('gracepowell', 'Grace Powell', 'gracepowell@gmail.com', '46fdcf454ac82fd44212190737db25a5132ebbed7de3b40230988831e34b3eef', 'acfdddbc043fa547d962cbe8313506ea', 'Client');       
INSERT INTO User VALUES ('davidcooper', 'David Cooper', 'davidcooper@gmail.com', 'a41ad33eda87efd84378d4094d4dbab4f868bf09eac5c47a4437332c33ff860c', 'e284357dbad17d940a10cb19acaa0cb0', 'Client');       
INSERT INTO User VALUES ('chloewright', 'Chloe Wright', 'chloewright@gmail.com', '4cb4d659e7a3f0c80607ec5b7c34089d5c3a72db48632024931e1a10d5ae7da5', '236fa1b4a12e9c3af621d8e068d0305b', 'Client');       
INSERT INTO User VALUES ('andrewyoung', 'Andrew Young', 'andrewyoung@gmail.com', 'f29ddcb76f4ec0268cf76e9d78d7984d5d68b008dc5e10d8890619d14def0b13', '10bc99b110e9647e3499585a22b9dd39', 'Client');       
INSERT INTO User VALUES ('scarlettmartin', 'Scarlett Martin', 'scarlettmartin@gmail.com', 'cf5b3c16ab28a41ca2f54f33e0359139fe519bb85989d0dda9b5859bb2fc85f3', '4be9b4a6b080ba103399678614bcf2d9', 'Client');
INSERT INTO User VALUES ('josephsanchez', 'Joseph Sanchez', 'josephsanchez@gmail.com', '03f97f7ed01cf022b70f2bf5f67983bd78f9b3dd1e2474f86afefe3a628155ad', 'bba5a272bcd597658e576ba978fe77f9', 'Client'); 
INSERT INTO User VALUES ('zoephillips', 'Zoe Phillips', 'zoephillips@gmail.com', 'f499e09546ff227204f0d23b8ce9d3b3c3af90fef7c52dfc401986976faa09a3', '829b9dc5fff0d842802d9f21b7b2a156', 'Client');       
INSERT INTO User VALUES ('johnhughes', 'John Hughes', 'johnhughes@gmail.com', '612aa9c11e62992381a2ceda3326f7c4cf5c2cd0c37a604763e1480d5c75977c', '1f91146673331c08c660ca96f00a178f', 'Client');
INSERT INTO User VALUES ('lilythompson', 'Lily Thompson', 'lilythompson@gmail.com', '60c4105433a2ca0789e0c2801efdd1978017829c9e09089fa18bea0d74d8b783', '2674226426e18cc4344c10c88042e96d', 'Client');    
INSERT INTO User VALUES ('christopherking', 'Christopher King', 'christopherking@gmail.com', '4c3c95f4c944fade35d026be85812b066c906967ebaf1ed2fb15cbdcf0dd8748', '5b27bf8ae74cd420c6d948eb3e03cbd7', 'Client');
INSERT INTO User VALUES ('nataliedavis', 'Natalie Davis', 'nataliedavis@gmail.com', '76d81560755f602adc60880f1e55578124c20323de777b429cdb957ccb9dc2fe', 'bd1fe6962489478ada8cbc6631f7bfbb', 'Client');    
INSERT INTO User VALUES ('gabrielwright', 'Gabriel Wright', 'gabrielwright@gmail.com', '23016279b3118d70aae11215a539b62e4b4d26a40df2d634cbaf3531ee86a5e2', 'f438d7ef8ec3e3dc8ffb5a44cb9ea9cd', 'Client'); 
INSERT INTO User VALUES ('samanthaturner', 'Samantha Turner', 'samanthaturner@gmail.com', 'c350c8f72c278f9757dc99c41217c7697b7104986fa1f701e3e8bc21a78ca932', 'db07171170a58575d2f071b8978963fe', 'Client');
INSERT INTO User VALUES ('joshuarivera', 'Joshua Rivera', 'joshuarivera@gmail.com', '17e97cf6171b905c5da109c381e8349dd0df8cae05e3634a9c71a31153c193e2', '0db13d19aebb4dbb96daaf674494efc9', 'Client');    
INSERT INTO User VALUES ('averyrussell', 'Avery Russell', 'averyrussell@gmail.com', '052c54ee5322386414c4b588dab5c8b9c11460fb90231b64fda0a62c8d3f69c8', '82960f4dd731df834df07fe7cfd60c93', 'Client');    
INSERT INTO User VALUES ('anthonycoleman', 'Anthony Coleman', 'anthonycoleman@gmail.com', 'dea630f33e09520ce0f9ce438214fd419c24791a69e9932aa27f7458f079b545', '9a0bb15808232c5b5c944c4a1994b5d1', 'Client');
INSERT INTO User VALUES ('brooklyndiaz', 'Brooklyn Diaz', 'brooklyndiaz@gmail.com', '00cad66e4a0f923691cf6cf9750f4ae9839dbffe4dd77dbcea55cc7e172528bb', '155f59fa9f3a8355cb39d88793912c4d', 'Client');    
INSERT INTO User VALUES ('nicholasgriffin', 'Nicholas Griffin', 'nicholasgriffin@gmail.com', '0b4f59073801e7fd771b0ae28f4a7710239b28f50bc02fc2b66674a2ec94a828', '17e023573c3e6d9c9af03e610ac4c488', 'Client');
INSERT INTO User VALUES ('gracecooper', 'Grace Cooper', 'gracecooper@gmail.com', 'e2d55260cd4cd6d6e360caf41c462ce30455560ea865107cef759a128137f9f7', 'b03dfa43e713580c00e40f2797d7c2cb', 'Client');       
INSERT INTO User VALUES ('christophernelson', 'Christopher Nelson', 'christophernelson@gmail.com', '6881042ef91226ff29d72af543eca436fef3939ebb7dd9da866a41a482ca6a69', 'cdd9067ab263d9ecb3c210eeb571253e', 'Client');
INSERT INTO User VALUES ('taylorward', 'Taylor Ward', 'taylorward@gmail.com', 'fbd23e4b374f3bbea061b450094c32980ec9fe23bfef57f2f39e8adc8042817f', 'cfbe362f6961d302277d23876f61a50f', 'Client');
INSERT INTO User VALUES ('jonathanlong', 'Jonathan Long', 'jonathanlong@gmail.com', '10d3dbc6c934dbab81855a7b68f9cab0c957a97bcf587d8b72b5216b31a7f3da', '5ba21c569bd7d360603719d1befed29f', 'Client');    
INSERT INTO User VALUES ('victoriaross', 'Victoria Ross', 'victoriaross@gmail.com', 'f6408b4627e417eb322138b5352fe3d8ba27ded3f27bcccf3c60f1e96d359c64', '258ce75fd220416eb2c26d9bff1433da', 'Client');    
INSERT INTO User VALUES ('tylerthompson', 'Tyler Thompson', 'tylerthompson@gmail.com', '8af2734dcae65249ff43529804a76d7dc1e4d0f4a2175769dc0446cfeb46963a', '876c0f280ba1ee962080c7ce1c9fc840', 'Client'); 

--department
INSERT INTO Department VALUES ('Marketing', 'Mark.');
INSERT INTO Department VALUES ('Security', 'Secur.');
INSERT INTO Department VALUES ('Data Analytics', 'Data An.');
INSERT INTO Department VALUES ('Research', 'Res.');
INSERT INTO Department VALUES ('Technical Support', 'Tech. Sup.');
INSERT INTO Department VALUES ('Human Resources', 'Human Res.');
INSERT INTO Department VALUES ('Project Management', 'Proj. Man.');
INSERT INTO Department VALUES ('Sustainability', 'Sust.');
INSERT INTO Department VALUES ('Innovation and Strategy', 'Innov');
INSERT INTO Department VALUES ('Development', 'Dev.');
INSERT INTO Department VALUES ('Communications', 'Comm.');
INSERT INTO Department VALUES ('Product Support', 'Prod. Sup.');

--tickets
INSERT INTO Ticket (id, publisher, date, subject, text, department) VALUES (1, 'dummy1', '2020-01-01 01:02:03', 'My ticket1.', 'Lorem ipsum dolor sit amet consectetur adipisicing elit. Adipisci incidunt corporis veniam earum nobis officia dignissimos, ullam quasi nam id delectus cumque iusto dolor assumenda libero repellendus aliquid! Laudantium, ex.', 'Technology');
INSERT INTO Ticket (id, publisher, date, subject, text, department) VALUES (2, 'dummy2', '2020-01-02 04:05:06', 'My ticket2.', 'Lorem ipsum dolor sit amet consectetur adipisicing elit. Adipisci incidunt corporis veniam earum nobis officia dignissimos, ullam quasi nam id delectus cumque iusto dolor assumenda libero repellendus aliquid! Laudantium, ex.', 'Technology');
INSERT INTO Ticket (id, publisher, date, subject, text, department) VALUES (3, 'dummy3', '2020-01-03 07:08:09', 'My ticket3.', 'Lorem ipsum dolor sit amet consectetur adipisicing elit. Adipisci incidunt corporis veniam earum nobis officia dignissimos, ullam quasi nam id delectus cumque iusto dolor assumenda libero repellendus aliquid! Laudantium, ex.', 'Technology');
INSERT INTO Ticket (id, publisher, date, subject, text, department) VALUES (4, 'agent1', '2020-01-10 10:00:00', 'Agent ticket :D.', 'Lorem ipsum dolor sit amet consectetur adipisicing elit. Adipisci incidunt corporis veniam earum nobis officia dignissimos, ullam quasi nam id delectus cumque iusto dolor assumenda libero repellendus aliquid! Laudantium, ex.', 'Ecommerce');


UPDATE Ticket SET priority = 'High', date = '2021-01-02 04:05:06' WHERE id = 2;
UPDATE Ticket SET priority = 'Urgent', date = '2021-01-03 07:08:09' WHERE id = 3;
UPDATE Ticket SET agentUsername = 'agent1', date = '2021-01-03 04:05:06' WHERE id = 2;
UPDATE Ticket SET agentUsername = 'agent2', date = '2021-01-03 07:08:09'WHERE id = 3;
UPDATE Ticket SET status = 'Done', date = '2021-01-04 07:08:09' WHERE id = 3;
UPDATE Ticket SET agentUsername = 'agent2', date = '2021-01-03 07:08:09' WHERE id = 2;
UPDATE Ticket SET agentUsername = 'agent2', date = '2021-01-03 07:08:09' WHERE id = 4;

INSERT INTO FAQ (question, answer) VALUES ("I can't login what should I do?", "Contact one of the Admins!");
INSERT INTO FAQ (question, answer) VALUES ("I don't remember my password", "Contact one of the Admins!");

--agent in department
INSERT INTO AgentInDepartment(agentUsername, department) VALUES ('carolinagoncalves', 'Sustainability');
INSERT INTO AgentInDepartment(agentUsername, department) VALUES ('sophiasantos', 'Sustainability');
INSERT INTO AgentInDepartment(agentUsername, department) VALUES ('rafaelpereira', 'Security');
INSERT INTO AgentInDepartment(agentUsername, department) VALUES ('anasilva', 'Product Support');
INSERT INTO AgentInDepartment(agentUsername, department) VALUES ('pedrocarvalho', 'Sustainability');
INSERT INTO AgentInDepartment(agentUsername, department) VALUES ('rafaelpereira', 'Product Support');
INSERT INTO AgentInDepartment(agentUsername, department) VALUES ('matheusoliveira', 'Project Management');
INSERT INTO AgentInDepartment(agentUsername, department) VALUES ('sophiasantos', 'Data Analytics');
INSERT INTO AgentInDepartment(agentUsername, department) VALUES ('gabrielrodrigues', 'Marketing');
INSERT INTO AgentInDepartment(agentUsername, department) VALUES ('pedrocarvalho', 'Development');
INSERT INTO AgentInDepartment(agentUsername, department) VALUES ('rafaelpereira', 'Sustainability');
INSERT INTO AgentInDepartment(agentUsername, department) VALUES ('carolinagoncalves', 'Research');
INSERT INTO AgentInDepartment(agentUsername, department) VALUES ('gabrielrodrigues', 'Development');
INSERT INTO AgentInDepartment(agentUsername, department) VALUES ('matheusoliveira', 'Innovation and Strategy');
INSERT INTO AgentInDepartment(agentUsername, department) VALUES ('gabrielrodrigues', 'Innovation and Strategy');
INSERT INTO AgentInDepartment(agentUsername, department) VALUES ('luisalmeida', 'Product Support');
INSERT INTO AgentInDepartment(agentUsername, department) VALUES ('anasilva', 'Marketing');
INSERT INTO AgentInDepartment(agentUsername, department) VALUES ('sophiasantos', 'Research');
INSERT INTO AgentInDepartment(agentUsername, department) VALUES ('luisalmeida', 'Sustainability');
INSERT INTO AgentInDepartment(agentUsername, department) VALUES ('gabrielrodrigues', 'Data Analytics');
INSERT INTO AgentInDepartment(agentUsername, department) VALUES ('matheusoliveira', 'Sustainability');
INSERT INTO AgentInDepartment(agentUsername, department) VALUES ('matheusoliveira', 'Security');
INSERT INTO AgentInDepartment(agentUsername, department) VALUES ('carolinagoncalves', 'Data Analytics');
INSERT INTO AgentInDepartment(agentUsername, department) VALUES ('marianaferreira', 'Development');
INSERT INTO AgentInDepartment(agentUsername, department) VALUES ('pedrocarvalho', 'Data Analytics');
INSERT INTO AgentInDepartment(agentUsername, department) VALUES ('gabrielrodrigues', 'Product Support');
INSERT INTO AgentInDepartment(agentUsername, department) VALUES ('matheusoliveira', 'Product Support');
INSERT INTO AgentInDepartment(agentUsername, department) VALUES ('beatrizcosta', 'Development');
INSERT INTO AgentInDepartment(agentUsername, department) VALUES ('marianaferreira', 'Marketing');
INSERT INTO AgentInDepartment(agentUsername, department) VALUES ('gabrielrodrigues', 'Security');
INSERT INTO AgentInDepartment(agentUsername, department) VALUES ('marianaferreira', 'Innovation and Strategy');
INSERT INTO AgentInDepartment(agentUsername, department) VALUES ('carolinagoncalves', 'Human Resources');
INSERT INTO AgentInDepartment(agentUsername, department) VALUES ('luisalmeida', 'Marketing');
INSERT INTO AgentInDepartment(agentUsername, department) VALUES ('beatrizcosta', 'Technical Support');
INSERT INTO AgentInDepartment(agentUsername, department) VALUES ('matheusoliveira', 'Technical Support');
INSERT INTO AgentInDepartment(agentUsername, department) VALUES ('beatrizcosta', 'Research');
INSERT INTO AgentInDepartment(agentUsername, department) VALUES ('luisalmeida', 'Technical Support');
INSERT INTO AgentInDepartment(agentUsername, department) VALUES ('marianaferreira', 'Data Analytics');
INSERT INTO AgentInDepartment(agentUsername, department) VALUES ('marianaferreira', 'Human Resources');
INSERT INTO AgentInDepartment(agentUsername, department) VALUES ('sophiasantos', 'Marketing');
INSERT INTO AgentInDepartment(agentUsername, department) VALUES ('rafaelpereira', 'Technical Support');
INSERT INTO AgentInDepartment(agentUsername, department) VALUES ('carolinagoncalves', 'Security');
INSERT INTO AgentInDepartment(agentUsername, department) VALUES ('beatrizcosta', 'Marketing');
INSERT INTO AgentInDepartment(agentUsername, department) VALUES ('matheusoliveira', 'Human Resources');
INSERT INTO AgentInDepartment(agentUsername, department) VALUES ('luisalmeida', 'Project Management');
INSERT INTO AgentInDepartment(agentUsername, department) VALUES ('pedrocarvalho', 'Product Support');
INSERT INTO AgentInDepartment(agentUsername, department) VALUES ('anasilva', 'Development');
INSERT INTO AgentInDepartment(agentUsername, department) VALUES ('beatrizcosta', 'Data Analytics');
INSERT INTO AgentInDepartment(agentUsername, department) VALUES ('rafaelpereira', 'Innovation and Strategy');
INSERT INTO AgentInDepartment(agentUsername, department) VALUES ('pedrocarvalho', 'Security');
INSERT INTO AgentInDepartment(agentUsername, department) VALUES ('luisalmeida', 'Human Resources');
INSERT INTO AgentInDepartment(agentUsername, department) VALUES ('carolinagoncalves', 'Technical Support');
INSERT INTO AgentInDepartment(agentUsername, department) VALUES ('beatrizcosta', 'Human Resources');
INSERT INTO AgentInDepartment(agentUsername, department) VALUES ('carolinagoncalves', 'Innovation and Strategy');
INSERT INTO AgentInDepartment(agentUsername, department) VALUES ('sophiasantos', 'Communications');
INSERT INTO AgentInDepartment(agentUsername, department) VALUES ('luisalmeida', 'Communications');
INSERT INTO AgentInDepartment(agentUsername, department) VALUES ('pedrocarvalho', 'Communications');
INSERT INTO AgentInDepartment(agentUsername, department) VALUES ('gabrielrodrigues', 'Sustainability');
INSERT INTO AgentInDepartment(agentUsername, department) VALUES ('carolinagoncalves', 'Development');
INSERT INTO AgentInDepartment(agentUsername, department) VALUES ('luisalmeida', 'Innovation and Strategy');
INSERT INTO AgentInDepartment(agentUsername, department) VALUES ('marianaferreira', 'Product Support');
INSERT INTO AgentInDepartment(agentUsername, department) VALUES ('gabrielrodrigues', 'Technical Support');
INSERT INTO AgentInDepartment(agentUsername, department) VALUES ('gabrielrodrigues', 'Communications');
INSERT INTO AgentInDepartment(agentUsername, department) VALUES ('sophiasantos', 'Innovation and Strategy');
INSERT INTO AgentInDepartment(agentUsername, department) VALUES ('rafaelpereira', 'Human Resources');
INSERT INTO AgentInDepartment(agentUsername, department) VALUES ('beatrizcosta', 'Project Management');
INSERT INTO AgentInDepartment(agentUsername, department) VALUES ('matheusoliveira', 'Data Analytics');
INSERT INTO AgentInDepartment(agentUsername, department) VALUES ('anasilva', 'Communications');
INSERT INTO AgentInDepartment(agentUsername, department) VALUES ('beatrizcosta', 'Innovation and Strategy');
INSERT INTO AgentInDepartment(agentUsername, department) VALUES ('beatrizcosta', 'Security');
INSERT INTO AgentInDepartment(agentUsername, department) VALUES ('rafaelpereira', 'Communications');
INSERT INTO AgentInDepartment(agentUsername, department) VALUES ('anasilva', 'Technical Support');
INSERT INTO AgentInDepartment(agentUsername, department) VALUES ('carolinagoncalves', 'Communications');
